<?xml version="1.0" encoding="utf-8" standalone="yes"?>
<rss version="2.0" xmlns:atom="http://www.w3.org/2005/Atom">
  <channel>
    <title>Our partners on OmniCAV</title>
    <link>/partners/</link>
    <description>Recent content in Our partners on OmniCAV</description>
    <generator>Hugo -- gohugo.io</generator>
    <language>en-us</language>
    <lastBuildDate>Sun, 12 May 2019 12:14:34 +0600</lastBuildDate>
    
	<atom:link href="/partners/index.xml" rel="self" type="application/rss+xml" />
    
    
  </channel>
</rss>